question,answer
"안녕하세요. 
외국인들이 이용하는 디스커버서울패스로 야간코스 이용도 가능한지 문의드립니다.","안녕하세요.

디스커버서울패스로 이용시, 사전예약이 불가합니다.

이용당일 매표소 오셔서 구매 후 이용하실 수 있습니다. (Tour1 or Tour4)

단, 야경투어의 경우는 좌석이 한정되어있어 당일 이용이 불가할 수도 있으니,

이 점 양해부탁드립니다.

- 서울시티투어버스 -"
"May I collect my tickets today for tomorrow's tour?
Thank you.","This is SeoulCityTourBus

Ticket exchange can only be exchanged on the day of use.

Thanks.

02)777-6090. www.seoulcitybus.com"
"예약에 관련된 문의는 아래 내용을 채워주세요

예약번호 :D20240706164630722138
예약자명 :오윤미
연락처 :01056507386

문의내용 :기상악화로 야경을 즐길 수 없을 정도의 날씨면 어떻게 되나요?? 비가 적당히 오면 비가 와도 운치있어 좋을꺼 같은데 비가 너무 많이 오면 안전이 좀 걱정되서요","안녕하세요.

악천후로 인해 운행이 불가할 정도가 되면 저희가 최대한 사전에 안내를 드릴예정입니다.

하지만,날씨는 사전예측이 어려운바 이용당일 안내가 나갈 수도 있습니다.

날씨가 불안해서 이용이 염려스러우시다면 고객센터로 변경이나 취소문의 주시기 바랍니다.

(단, 취소의 경우는 사전에 날씨를 예측할 수 없으므로 취소시점의 규정에따라 수수료가 발생될 수 있습니다.)

이용에 참고 부탁드립니다.

- 서울시티투어버스 -"
"예약에 관련된 문의는 아래 내용을 채워주세요

예약번호 :
예약자명 :
연락처 :

문의내용 :탑승 할려고 하는인원은3명 이고 1명은 성인 에 경증장애인  
두명은 청소년에 경증 장애인 1명  중증장애인 1명 입니다. 예약을 성인1명에 청소년2명으로 예약 해야 합니까?","안녕하세요.

저희는 현재 도심고궁 코스 할인 진행중으로 중복할인이 적용되는 부분은 없습니다.
문의 주신대로 성인1명/소인2명으로 예약진행해주시면 됩니다.

이용에 참고 부탁드립니다.

- 서울시티투어버스 -"
버스 예약 후 탑승 인원이 줄어들 경우 일부 취소가 가능한가요?,"안녕하세요.

고객님 티켓을 개시한 이후는 환불이 불가합니다.

탑승전 (즉 이용전) 부분환불 가능하십니다.

자세한 문의는  02-777-6090으로 문의주세요.

- 서울시티투어버스 -"
"예약에 관련된 문의는 아래 내용을 채워주세요

예약번호 :D20240711164936473577
예약자명 :김지연
연락처 :
010 2670 3621
문의내용 :
내일 야간 버스투어 예약 했는데 오늘 같이 폭우 내리면 어떻게 되나요 ?","안녕하세요.

운행이 불가하지 않은 이상 정상운행됩니다.

버스 운행이 가능한데 취소하시는 경우는 부득이 취소 수수료도 동일 적용됩니다.

만일 운행이 불가할정도인 경우, 운행취소가 확정되는대로 고객님들께 안내드릴예정입니다.

더 궁금하신 사항은 고객센터 02-777-6090으로 문의 부탁드립니다.

- 서울시티투어버스 -"
국립고궁박물관도 갈수있는 서울시티투어버스 예매는 없는걸까요?? 현장예매만 가능한가요?,"안녕하세요.서울시티투어입니다.

국립고궁박물관 관람을 원할시 저희 시티버스 노선중 경복궁에서 하차하시면 됩니다

시티버스외 모든 박물관 및 고궁 예약은 해당 홈피에서  예약이 가능합니다

저희 시티버스 예약은 홈페이지로 예약 또는 당일 현장 구매 가능합니다

02)777-6090. www.seoulcitybus.com"
"예약에 관련된 문의는 아래 내용을 채워주세요

예약번호 :
예약자명 :
연락처 :

문의내용 :
아직예약안했는데 내일비오는데 운영하나요?","안녕하세요.

눈/비로 인해 운행이 완전 불가한 경우가 아니고는 정상영업합니다.
이용에 참고 부탁드립니다.

- 서울시티투어버스 -"
"예약에 관련된 문의는 아래 내용을 채워주세요

예약번호 :
예약자명 :
연락처 :

문의내용 :
외국인 2명이고 디스커버서울패스로 무료이용가능하다고 들었는데, 야경투어로 탑승 전날에 티켓오피스에서 티켓발권할 수 있나요? 감사합니다","안녕하세요.

디스커버서울패스로 이용시, 사전예약이 불가합니다.
이용당일 매표소 오셔서 구매 후 이용하실 수 있습니다.

단, 야경투어의 경우는 좌석이 한정되어있어 당일 이용이 불가할 수도 있으니,
이 점 양해부탁드립니다.

Hello.

If you use Discover Seoul Pass, you cannot make a reservation in advance.
You can use it after you come to the ticket office on the day of use.

However, in the case of night view tours, seats are limited, so you may not be able to use them on the same day,
Please understand this.

- Seoul City Tour Bus -"
"Name： Benson Hsu
Email : bensonhsu7@gmail.com

内容：What time are the 광화문 티켓박스  opening hours?

Thanks","Hello.

Our ticket office opens at 9 a.m. on the business day.

Please refer to it for your use.

- Seoul City Tour Bus -"
"Thank you for the reply.

I understand that the rooftop would be impossible for my wheelchair and elderly parents.

Is there a ramp at the bus entrance for wheelchair? 

Azaima","Hi.This is Seoulcitytourbus.
We're  sorry we don't have wheelchair lamps.

02)777-6090. www.seoulcitybus.com"
"예약에 관련된 문의는 아래 내용을 채워주세요

예약번호 :
예약자명 :
연락처 :

문의내용 :","안녕하세요.

야간투어의 경우 당일 잔여석이 있는 경우 이용하실 수 있습니다.

사전예약제이며, 서비스는 선착순으로 제공됩니다.

당일 잔여석은 고객센터 02-777-6090으로 이용전 문의 먼저 부탁드립니다.

- 서울시티투어버스 -"
"My name is Azaima and I am interested in using your bus service during my visit in September. 

However, I am wondering if all tours are accessible for wheelchair user. 
My mother is an elderly on a wheelchair and my father is an elderly who has trouble with high steps.

Looking forward to your reply.

Azaima Razali","Hello.
Azaima!

First of all, thank you for your interest in our tour.

Unfortunately, it will be too much for your parents to use the double-decker bus.
Wheelchairs cannot go up to the second floor. Also, the stairs are a little steep.

If you want to use the tour course, they can get on the first floor of the double-decker bus.

Please refer to this part.

Thank you. 
- Seoul City Tour Bus -"
"버스 내부에 화장실이 있나요 

그리고 버스에서 음식물 취식에 대한 규정을 알고 싶어서 문의 남겨요","안녕하세요.

버스내부에는 화장실이 없습니다.
화장실은 이용전에 다녀오시길 권해드립니다.

또한 버스내에서는 식/음이 불가합니다.

이 점 양해부탁드립니다.

- 서울시티투어버스 -"
"There is a storm/downpour warning for tonight (June 9) starting 8pm. Does this mean the night time bus might be cancelled? And if so, how would we be notified? Thank you in advance!","Hello.

If the bus is unable to operate due to the weather, we will inform you by email you left.

It is currently sunny in Seoul on the morning of July 10.

The bus operates normally, but if a customer who is concerned about the weather wants to cancel, a cancellation fee will be charged according to the time of cancellation.

Thank you.

- Seoul City Tour Bus -"
"For reservation-related inquiries, please fill in the information below

Reservation number :
Name :
Mobile :

Inquiry :
I want to know what time is the ticket office open for the Red tiger bus line.  Can I redeem ticket for the night course in the morning with Discover Seoul Pass?","Hello,

We are open at 9 am.
You can redeem ticket for the night course in the morning with DSP.
Thank you,

Seoul City Tour Bus
02 777 6090"
"안녕하세요. 제가 고등학교 3학년인데, 소인으로 결제하면 되는 건가요?","안녕하세요.

네 소인결제 진행해주시면 됩니다.

- 서울시티투어버스 -"
"안녕하세요? 입석 관련 문의드립니다.

도로교통법 제39조와 중대재해처벌법이 강화되면서
광역버스의 경우 입석을 제한하는 것을 많이 봤지만 시내버스나 시티투어버스는 입석에 대해
경찰도 알면서 모르는 척 운행에 제한을 두고 있지 않은 것 같습니다.

서울 시티투어버스도 도로교통법 제39조와 중대재해처벌법을 피해갈 수 없을 듯 한데
탑승객이 많이 몰릴 경우 1층에 입석이 가능한 것으로 안내하고 있습니다.

혹시 이러한 법률 준수 등과 관련하여 고민한 사항이 있을지 궁금합니다.
서울시티투어버스를 너무 좋아하는 고객으로서 혹시나 추후 문제가 되지 않을까 하는 마음에 문의 드립니다.","안녕하세요.

저희 시티투어버스에 관심 가져주시고 염려해 주신 점 감사드립니다.

아시다시피 시티투어버스는 시내만을 운행하는 노선버스이며, 당사에서는 승차정원 준수는 물론 차량의 cctv설치 등 안전에 관한 규정을 지키기 위해 많은 노력을 하고 있습니다.
특히 성수기인 주말이나 연휴 등 승객이 많이 몰릴 경우를 대비해 평소보다 2~3배의 차량을 배차하는 등 특별 수송대책을 시행하여 보다 안락하고 쾌적한 여행이 보장되도록 노력하고 있음도 이해하여 주시기 바랍니다.

다시한번 안전에 관한 고견에 감사드리며 앞으로도 고객 중심의 서비스, 시티투어버스가 될 수 있도록 노력 하겠습니다. 
늘 가내가 행복하시기를 바랍니다.
 
감사합니다."
"1. 혹시 법인 카드로 예약 시 카드매출전표를 받을 수 있나요?

2. 개인카드로 선결제 후 탑승 당일 개인카드 결제 취소 후 법인 카드로 재결제 가능한가요?
상담원과 통화했을 때 온라인으로 개인카드 선결제 후 탑승 당일 실물 티켓으로 교환할 때 개인카드 선결제 취소 후 법인카드로 재결제 가능하다고 하셨는데 
당일 취소 시 70% 환불, 야경버스의 경우는 낮 12시 이후 불가능하다고 적혀있었습니다. 확실하게 알려주세요.","안녕하세요 시티투어입니다
위 내용대로 법인카드로 결제가 불가능하기 때문에 개인 카드로 선결제휴 당일 매표소에서 탑승잔 법인 카드로 교체할수 있습니다
물론 별도의 수수료는 발생하지 않습니다
단 취소시는 홈피에 명기돼 있는 내용대로 날짜에 따른 수수료가 발생합니다(12시 이후 환불 불가)
따라서 당일  인원 변동없이 카드만 교체한 경우는 별도의 수수료가 없습니다

더 궁금하신점 연락 주세요

02]777 6090 www.seoulcitybus.com"
"안녕하세요, 

서울시티투어버스를 알아보고 있는데, 혹시 8월 15일 공휴일날에도 운영하는지요?

아울러 이 ""가이드와 함께 하는 Special Seoul City Pack"" (https://www.seoulcitybus.com/board/board_view.php?t=ES&code=2) 
- 아직도 운영하는지,
- 아직도 운영한다면 8월 15일 공휴일날에도 하는지, 
- 예약 방법
- 가이드께서 영어로 투어 해 주시는건지, 아니면 영어의 경우는 오디오로 제공이 되는 것인지
궁금합니다.

감사합니다!","안녕하세요.서울시티투어입니다.
시티팩은 최소 모객인원이 20명 이상이 되야만 진행되는 상품입니다.
현재 같은 날짜에 이 인원의 모객이 어렵기 때문에 현재는 단체에게만 적용되는 상품으로 판매하고 있습니다

만약 인원이 20명 이상일 경우는 별도 문의 부탁드립니다

02)777-6090 
서울시티투어 버스. www.seoulcitybus.com"
Hi. We will be a group of 18 people. Is it possible to buy tickets on-site by just getting in stop number 1 before departure time? Thank you... By the way I don't know where do you reply this but in case you need it here is my e-mail address: info@zeynepokcu.com,"Hi.This is Seoul City Tour Bus

If you want a daytour, you can board without  reservation
If Night tour, you must make a reservation in advance

If you have any more questions, please contact us

www..seoulcitybus.com 02)777-6090"
"예약에 관련된 문의는 아래 내용을 채워주세요

예약번호 :
예약자명 :
연락처 :

문의내용 :","안녕하세요.

저희 매표소는 도로변에 있는 위치이므로 찾아오기 쉬우신 곳 
주소를 알려드립니다.

* 코리아나 호텔 (매표소 근처 호텔)

서울시 중구 세종대로 135로 검색해서 오시면 빠르게 찾으실 수 있습니다.

- 서울시티투어버스 -"
장애인 할인 있는지 궁금합니다.,"안녕하세요.

현재 추가적 할인적용이되는 부분은 없습니다.

Tour1 도심고궁 코스 : 성인 22,000원 / 소인 15,000원
Tour4 야경코스 : 성인 20,000원 / 소인 12,000원

- 서울시티투어버스 -"
취소표 같은거 현장구매로 구입할 수 있는 가능성 있나요?,"안녕하세요.

야경투어 취소표는 현장에서 구입은 가능합니다.
하지만 취소표가 발생할지 안할지의 여부는 가늠할 수 없습니다.

이용에 참고 부탁드립니다.

- 서울시티투어버스 -"
"실물티켓은 광화문티켓박스에서만 교환가능할까요?
서울역이나 명동에서 타고 싶어요
주말입니다","안녕하세요.

고객님 주말이나 연휴 이용시는 시작점에서 티켓을 수령하시고 탑승하시길 권해드립니다.
저희 버스는 선착순 서비스로 혹시나 시작점에서 인원이 너무 많은 경우 중간지점에서 입석으로 진행될 수도 있습니다.

이용에 참고하시기 바랍니다. (서울역은 정차하는 정류장이 아닙니다.)

- 서울시티투어버스 -"
부산에서 출발하여 당일 시티버스를 이용하려고 합니다. 인근 주차장을 추천받고 싶습니다.,"안녕하세요,

근처 주차장은 모두 유료이며,
가장 가까운 주차장은 코리아니호텔 주차장 그리고 광화문 정동 주차장입니다.
참고하시기 바라며,
감사합니다.

서울시티투어버스
02 777 6090"
"예약에 관련된 문의는 아래 내용을 채워주세요

예약번호 :
예약자명 :
연락처 :

문의내용. 운행차량이 궁금해요 2층버스1대와 1.5버스와 트롤리가맞나요?다른사람 블로거랑 다른거같아서요","안녕하세요.

저희는 2층버스가 메인이며 1.5층높이의 하이데커(half open)버스로 운행됩니다.

트롤리는 현재 운행되지 않는 버스 종류입니다.

이용에 참고 부탁드립니다.

- 서울시티투어버스 -"
"- 제일 먼저 광화문으로 가서 티켓교환을 해야하는 걸로 이해했습니다.
 - 티켓 교환 후 별도 대중교통으로 청와문 방문 예정입니다.
 - 청와대 관람 후 15번 버스정류장에서 버스를 타고 15->1->2->3 .. 순으로 투어가 가능한가요?","안녕하세요.

고객님이 원하시는 대로 최종 종착정류장까지 도착하셨다가 
다시 시작하실 수 있습니다.
다만, 최종 종착정류장 도착 후 30분 후 다시 출발하므로 대기시간이 발생됩니다.

이부분 참고하시고 시간표 참고하셔서 유용하게 이용하시기 바랍니다.

- 서울시티투어버스 -"
"6/29일 예약하려고 하는데, 19:30분 출발인데
2층에 앉는건 선착순인가요?
대기번호표를 나눠주시는지 아니면 그냥 일찍가서 줄을서서기다려야 하는지 문의드립니다.
먼저 줄선 순이라면 줄은 언제부터 설수 있나요?","안녕하세요.서울시티투어입니다
[예약순]으로 버스는 배정이 됩니다(2층 또는 1층)
버스가 정해지면 당일 현장에 도착해 줄서있는 순서대로 탑승하게 됩니다
7시30분 출발이며 탑승은 7시 전후로 가능합니다

더 궁금하신점 연락주세요

02)777-6090. www.seoulcitybus.com"
"For reservation-related inquiries, please fill in the information below

Reservation number :
Name :
Mobile :

Inquiry :","Hello.

During the time our bus is running, you can get on and off as you wish again.

Even if you started at the first stop and got off for the last time, if the bus is running, you can start again.

Please refer to it for use.

- Seoul City Tour Bus -"
장애인 할인될까요?,"안녕하세요.

저희가 지금 현재 판매가 일부 할인중으로 중복할인제공은 별도로 없습니다.
이용에 참고 부탁드립니다.

- 서울시티투어버스 -"
"티켓 교환이 필수인가요? ㅠㅠ
서울풀만호텔에서 투숙해서 풀만호텔 앞에서 타고 관람하고 싶어서 구매했거든요..","안녕하세요.서울시티투어입니다.
중간 탑승일 경우 버스탑승시 기사님께 예약자 성함만 말씀하시면 확인하고 티켓 발권해드립니다

집회등으로 통제되는 구간이 있을시 안내를 받으셔야 되기 때문에 이용하는날 전화로 체크 부탁드립니다

02)777-6090. www.sejoulcitybus.com"
"예약에 관련된 문의는 아래 내용을 채워주세요

예약번호 :
예약자명 :
연락처 :

문의내용 :

첫 탑승 포인트가 꼭 광화문 티켓오피스려야 할까요.

일정이 중간 정류장인 그랜드하얏트인데 꼭 광화문에서만 티켓 교환이 가능한지 믄의드립니다. (온라인 예매 완료)","안녕하세요.

가능하시다면 첫 번째 정류장에서 시작하시길 권해드립니다.
주말이나 연휴때에는 시작점부터 많은 고객님들이 탑승하시고 관광명소에서 대부분 하차하시므로,
호텔앞에서 탑승을 하는경우 간혹 입석이 되실 수도 있습니다.

이 점 양해부탁드리며 이용에 참고 부탁드립니다.

감사합니다."
"제가 예약하고 외국 친구가 이용할 건데 문제가 없죠?
예약한 후에 꼭 광화문 부스에 찾아가서 표를 받아야 하나요? 폰으로 티켓을 가지고 있는다든지 좀 더 간편한 방법이 있나요?","안녕하세요.

저희 홈페이지에서 예약해주신 고객님들은 이용하시는날 매표소 방문하셔서
예약내용 (예약자분 성함 . 연락처로 확인) 확인 후 티켓수령 후 사용 가능하십니다.

외국친구분을 대신해서 예약진행을 해주신다면 예약자분을 실 이용자(외국인)친구 분으로 진행해주시면 됩니다.

이용에 참고해주시기 바랍니다.

 - 서울시티투어버스 -"
Can we bring luggage on board the tour bus?,"Hello.

There is not much room inside the double-decker bus. You can usually keep and board a 25-inch carrier on the first floor, but it is difficult to take it with you if it is larger than that.

I ask for your understanding.

Thank you."
안녕하세요. 서울서진학교 전공과 교사 우채윤입니다. 장애인 할인을 받을 수 있나요?,"안녕하세요.

저희가 현재는 별도의 추가할인 진행이 없습니다.
사이트에서 진행되는 금액 그대로 확인 부탁드립니다.

감사합니다.
- 서울시티투어버스 -"
1) 실물 티켓 전날에도 발급 하는하나요? 2) 실물 티켓 가지고 있으면 아무 종류장에 첫탑승가능한지 아니면 그래도 광화문 앞에서만 첫탑승가능하나요?,"안녕하세요.,

저희 티켓은 사전발급 불가입니다.

실물티켓을 구매 후 원하시는 중간 정류장에서 탑승은 자유로이 가능하십니다. (버스가 운행하는 시간내)

이 외에 궁금하신 사항은 따로 문의주시거나 02-777-6090으로 연락주시면 됩니다.

감사합니다."
"For reservation-related inquiries, please fill in the information below

Reservation number :
Name :
Mobile :

Inquiry :
Hi, if I have 72hour DSP, can I go on the first day of pass to collect tickets for bus tour on 2nd day so I can bought the bus at another station on 2nd day nearer to my hotel?","Hello.

You can purchase our bus ticket with a DSP card, but you cannot use it after purchasing it in advance.

In other words, the purchase and use will be completed on the day you want to use it.

If you purchase a bus ticket using a DSP card, come to the ticket office (first stop) and proceed with QR.

Please refer to it.
Thank you."
"Just to make sure: do I exchange the reservation for a physical ticket at the ticket office?
Or is there something else I need to do?
kind regards","Hi,This is Seoul CIty Tour Bus.

You have to get a physical ticket after making a reservation.
No separate document is required, and you can check it right away if you say your name at the ticket office

02)777-6090. www.seoulcitybus.com"
"안녕하세요, 서울시티투어 버스, 야경코스 문의드립니다.

찾아보니까 남산타워에서 잠깐 정차하는 스케줄이더라구요.
동행인과 남산타워에서 더 시간을 보내고 싶어서, 저희는 여기서 하차하고 싶습니다. (남대문시장,청계광장 코스는 이용X)
남산타워 근방에 하차해서 자유시간 주실 때에, 재탑승을 안하고(버스를 남산타워까지만 이용하고) 개인적으로 귀가하고 싶은데, 가능할까요?","안녕하세요.

손님이 원하시면 그렇게도 가능하십니다. 

다만, 사전에 기사님께 말씀 해주셔야합니다.
야경투어 탑승시 그리고 남산타워 하차시 꼭 기사님께 말씀 부탁드립니다.
남산투어 이후 이동일정이 있으므로 기사님들께서 확인을 하셔야합니다.

그 외 궁금하신 사항은 02-777-6090으로 문의주세요.

감사합니다."
"For reservation-related inquiries, please fill in the information below

Reservation number :2
Name :Alex Cheng
Mobile :+852 54111408

Inquiry 
Hello,

The holders of Discover Seoul Pass (DSP) can redeem a ticket for tiger bus night tour for free. However, I noticed that your website says night bus needs reservation, but an on-line reservation cannot be made unless I pay for it. Is there a way I can make a reservation for two people on May.2nd without paying in advance? We both have DSP and we are not supposed to pay for a ticket.

Kindly waiting for your reply. Thank you.","Hello.

Ticket purchases using DSP cards are only available on the day you want to use them. You can come to the ticket office on May 2nd, scan the QR, and receive the ticket.
However, night tours are only available if there are remaining seats on the day of use, and reservations are not allowed before use.

Please contact us by phone in the morning of the day of use to check the remaining seats.

May 2nd is a weekday, so I think there will be more seats available than the weekend. 
But I can't give you a 100% answer about the presence or absence of seats right now. Please understand.

Thank you."
"Hey, is it possible to reserve tickets for today?","Hello,

You can buy it on the spot on the day

Gwanghwamun Ticket Office: 68-2 Taepyeong-ro 1-ga, Jung-gu, Seoul (Search Seoul City Tour Bus on Google Map)

* You can find our ticket office nearby Gwanghwamun Station Intersection, Dongwha Duty Free Shop or Koreana Hotel
By subway: 100m from Exit 6 of Gwanghwamun Station on Line 5, 300m from Exit 3 of City Hall Station on Subway Lines 1 and 2

Thank you,
Seoul City Tour Bus
02 777 6090"
"Do I still need  to reserve a slot even if I will do the night 
Tour using discover seoul pass? Or do I go straight to gwanghamun to take the bus?","This is Seoul City Tour Bus

If you have a dsp card, you can't make a reservation in advance.
You can buy  ticket office on a first-come, first-served basis

If you have any more questions, please feel free to contact us.

Seoul City Bus Tour 02)777-6090.www.seoulcitybus.com"
"예약에 관련된 문의는 아래 내용을 채워주세요

예약번호 :
예약자명 :
연락처 :

문의내용 :
결제에 막혀 예약을 못 하겠어요. 외국인을 위한 오디오 서비스는 있는데 예약을 위한 외국카드 결재가 안되요.","안녕하세요.서울시티투어입니다.
외국인을 위한 카드 결제도 현재 원활하게 진행되고 있습니다

다시 한번 시도해보시고 안되신다면 전화 연락 부탁드립니ㅏㄷ

02)777-6090, www.seoulcitybus.com"
"For reservation-related inquiries, please fill in the information below

Reservation number :
Name :
Mobile :

Inquiry :
Somewhere on the website it says ""Closed Mondays"" If Monday a holiday Closed Tuesday

Doesn't the bus operated all seven days of the week?","Hello.

Every Monday is a regular holiday for us.

However, if Monday is a public holiday, it is operated and the next day is closed.

Please refer to it for use.

https://en.seoulcitybus.com/

Thank you."
"Hello, I'm visiting Seoul in May and currently planning my itinerary.  I'm interested in take the city tour bus and would like to know how far the Namsan Tower Stop is from Namsan Tower?  What far is the walking distance?

Also, are we allowed to bring stroller onto the bus?

Thank you,

Tom","Hello,

Thank you for your interested in Seoul City Tour Bus.
It takes about 5 minutes by walk from the Namsan Tower Stop to Namsan  Tower.
And you are allowed to bring stroller onto the bus.

Thank you,
Seoul City Tour Bus// www.seoulcitybus.com
02 777 6090"
ディスカバーソウルパス購入で、夜間バスに乗りたいのですが、予約はできますか？,"こんにちは.

Discover Seoul Passをご利用の場合、当日チケット売り場にお越しいただき、ご利用希望のコースのチケットをお受け取りいただけます。
夜景コースの場合は残席がある場合のみ可能ですので、ご利用の際はご参考ください。 （事前予約不可）

その他、ご不明な点は 02-777-6090までお問い合わせください。

ありがとうございます。"
"ディスカバソウルパスで夜景コースを予約するには、どのように予約すれば良いですか？
通常予約して、当日にパスを見せるのですか？","こんにちは.

Discover Seoul Passをご利用の場合、当日チケット売り場にお越しいただき、ご利用希望のコースのチケットをお受け取りいただけます。
夜景コースの場合は残席がある場合のみ可能ですので、ご利用の際はご参考ください。 （事前予約不可）

その他、ご不明な点は 02-777-6090までお問い合わせください。

ありがとうございます。"
"지방에서 차를 가지고 가는데 하루종일 세워놓을 주차장이 주변에 있을까요?
광화문역 출발하는 도심고궁코스를 타려고 하는데 주변에 하루종일 차를 세워 놓을 수 있는 저렴한 주차장 좀 알려주세요..
카카오티 주차장도 좋고 공영주차장도 좋습니다.
부탁드려요^^","안녕하세요.

저희 주변으로는 무료주차장은 따로 없으며, 주변의 유료 주차장을 이용하셔야합니다.
가장 가까운 곳은 코리아나 호텔 (유료) 주차장입니다.
그 외는 주변 대형건물의 유료 주차장을 이용하셔야합니다.

주변이 번화한 중심지라 주차장이 여의치 않습니다.
이해부탁드립니다.

감사합니다."
버스 종점은 어디인가요?,"안녕하세요.

저희 버스는 순환형 버스로 시작과 종점이 동일합니다.
코스와 정류장에 대한 정보는 매표소에서 안내지로도 수령하실 수 있습니다.

감사합니다.

- 서울시티투어버스 -"
"예약에 관련된 문의는 아래 내용을 채워주세요

예약번호 : 
예약자명 : 아직 예약전(민남희)
연락처 :010-8441-8853

문의내용 :안녕하세요.
이번주 갈려고 하는데 지방에서 애들과 가는거라 차를 끌고가는데 혹시 주차는 어디에 하나요? 차가 카니발이라 주차 가능한곳이 있는지 궁금합니다.","안녕하세요.

저희 주변으로는 무료주차장은 따로 없으며, 주변의 유료 주차장을 이용하셔야합니다.
가장 가까운 곳은 코리아나 호텔 (유료) 주차장입니다.

감사합니다."
"hello!  is tour/ tourist spots wheelchair accessible? I know that the bus is, but the different places that will be visited, specifically the palaces, are they wheelchair accessible?

thanks!","Hello.

As far as I know, wheelchair movement is possible in most tourist attractions.
If you are curious about the exact information, please contact the tourism information center in Seoul one more time.

Thank you.

add. Tourism information center :  82-2-6365-3100 (Seoul Tourism Plaza Information Center)"
"안녕하세요, 중학교 교사입니다.

10월 수학여행 코스 중 시티투어를 포함하고자 하며, 교사 포함 인원이 약 43명 내외로 예상됩니다.

1. 단체예약이 가능할까요?

2. 버스 1대를 온전히 대절하는 것이 가능한 지, 가능하다면 비용은 얼마나 될까요?

3. 단체예약 시 할인은 얼마나 가능할까요?

감사합니다 ^^.","안녕하세요.서울시티투어입니다
단체 예약도 가능하지만 탑승시간은 지정되지 않기 때문에 선착순 탑승입니다
버스 1대를 대절할 경우 별도의 견적을 따로 받으셔야 되면 시간,인원,노선에 따라 다르기 때문에 전화 문의 주시면 견적 드리겠습니다
현재 단체 할인은 별도로 적용되지 않습니다

더 궁금하신점 있으시면 연락주세요

02)777-6090. www.seoulcitybus.com"
"예약에 관련된 문의는 아래 내용을 채워주세요

예약번호 :D20240215083541040444
예약자명 :김보경
연락처 :01098361226

문의내용 :첫차 9시30분 이렇게 적혀 있던데 그 차 못타면 40분 후 차를 처음으로 타도 되는거 맞나요?
                대구에서 가는거라.. 9시 30분 못 맞출 수도 있을 거 같아서요","안녕하세요.

네, 도심*고궁 남산코스 (Tour1)은 오전 9시 30분부터 40분 간격으로 마지막 16시50분까지
첫 출발지인 매표소(광화문정류장)에서 출발합니다.

탑승시간을 정해서 타시는건 아니시고, 구매하신 티켓으로 차량이 운행하는 동안은
타고 내리고 이용이 가능하시니 이용에 참고해주세요.

감사합니다.

- 서울시티투어버스 -"
"For reservation-related inquiries, please fill in the information below

Reservation number :
Name :
Mobile :

Inquiry :I wish to know the price for this city tour package thanks","Hello, this is Seoul City Tour. 

The City Pack is a package that requires at least 20 users.
Currently, we are selling products only for groups because it is difficult to gather guests on the same date.

If there are more than 20 people, please contact us separately.

02)777-6090 
Seoul City Tour Bus. www.seoulcitybus.com"
"스페셜 시티팩은 외국인 대상인가요??
                 요금은 어떻게 되나요??","안녕하세요.서울시티투어입니다. (내/외국인 가능)

시티팩은 최소 모객인원이 20명 이상이 되야만 진행되는 상품입니다.
현재 같은 날짜에 이 인원의 모객이 어렵기 때문에 현재는 단체에게만 적용되는 상품으로 판매하고 있습니다.

만약 인원이 20명 이상일 경우는 별도 문의 부탁드립니다.

02)777-6090 
서울시티투어 버스. www.seoulcitybus.com"
"예약에 관련된 문의는 아래 내용을 채워주세요

예약번호 :
예약자명 :
연락처 :01051965592

문의내용 :장애인 할인과 노약자 할인 같은건 없나요?!","안녕하세요.

현재 판매가에서 일부 할인이 진행되고 있어 그 외 추가중복 할인되는 부분은 없습니다.
이용에 참고 부탁드립니다.

- 서울시티투어버스 -"
使用 Discover Seoul pass如何預約Night tour bus？,"你好。

通过Discover Seoul pass使用我们的巡演时不能提前预约,
想要使用的当天要到售票处批准Discover Seoul pass的QR CODE后使用。

夜景旅游当天没有剩余座位时可能无法使用。
请谅解这一点。

谢谢。"
"예약에 관련된 문의는 아래 내용을 채워주세요

예약번호 :20240117165627464124
예약자명 :이복순
연락처 :01089107899

문의내용 :티켓을어디서받아서면세점앞창구에서  또 교환수령해야나요? 미리전날티켓수령은 안되나요?","안녕하세요.

티켓은 매표소에서 이용당일 수령하시고 사용가능하시며, 전날 수령은 불가하십니다.

매표소 위치는 아래 정보 참고 부탁드립니다.
-지하철 5호선 광화문역 6번출구에서 조선일보 방향 50m
-지하철 1호선,2호선 시청역 3번 출구에서 200m 직진 코리아나 호텔 옆

그 외 더 궁금하신 사항은  02-777-6090으로 문의주세요.

-  서울시티투어버스 -"
"예약에 관련된 문의는 아래 내용을 채워주세요

예약번호 :D20240109091629139543
예약자명 :김순옥
연락처 :01047256819

문의내용 :서울 시티투어 업체가 여러군데 인가봅니다. 혹시 전통문화코스가 있던데 이곳은 다른곳인가요? 저희가 남산타워도 올라가야해서요...여쭤봅니다.","안녕하세요.

저희가 운행하는 코스는 도심고궁*남산코스입니다.

고객님께서 보신 전통문화코스는 저희쪽 코스가 아닙니다.
이용에 참고 부탁드립니다. 

코스는 https://www.seoulcitybus.com/service/tour_course_view.php?code=1 이 링크에서 한번 더 확인 부탁드립니다.

감사합니다.

- 서울시티투어버스 -"
"안녕하세요
바퀴달린 브레드이발소시티투어버스 운행 여부 문의드립니다. 지금은 운행안하는거 같은데 재운행 일정이랑 알려주세요ㅠㅠ

연락처 : 010.4958.7016","안녕하세요.서울시티투어입니다
현재 브레드 버스는 정규차로 운행되지 않고 있습니다

아직 재운행 여부는 없는 상태입니다
혹시나 차후에 운행이 된다면 홈페이지를 통해 안내드리겠습니다

관심주셔서 감사합니다

02)777-6090. www.seoulcitybus.com"
4인 가족 예약을 하려고 하는데 장애인 할인 란이 없길래 여쭤봅니다! 원래 없는 건지 다른 방법으로 예약해야하는 건지 헷갈려서요!,"안녕하세요.

저희 투어에 관심을 가져주셔서 감사합니다.

현재 구매금액 외 추가할인은 별도 진행되는것이 없습니다.
홈페이지 예약시 결제되는 금액으로 진행해주시면 됩니다.

감사합니다."
Hi.  I plan to buy tickets but wanted to know first if wheelchair is allowed on the bus?  There are four of us and one has a wheelchair.  Thank you.,"Hello.

Thank you for your interest in our tour.

Wheelchairs are not available for double-decker seats.
You can use the first floor of the double-decker bus.


Seoul City Tour Bus."
"2024년 6월 4일 화요일 야간코스 수학여행 학생 예약하고 싶습니다.
중3 12명과 교사 3명입니다.
전화 예약 후 현장 결제가능하나요?
혹은 지금 온라인으로 교사 개인 카드로 결제 후 현장에서 개인카드 결제 취소 후  법인카드로 교체가능한가요?
지금은 새학년 회계가 시작하지 않아서 그렇습니다.","안녕하세요,

야경투어는 예약순 버스 배정입니다.
개인카드로 결제 후 현장에서 카드교체하시기 바랍니다.

감사합니다."
"2024년 4월 에  지방에서 서울로 씨티투어를 할려고 합니다 인원은 17명 이구요
거동이 불편한 어르신이 계신데 휠체어 서비스가 제공 되는지 궁금합니다,","안녕하세요.서울시티투어입니다.

휠체어 대여 서비스는 아직 준비돼 있지 않습니다.
개인 휠체어 이용시 2층 버스는 1층에 보관 가능합니다

더 궁금하신점 연락주세요

02)777-6090. www.seoulcitybus.com"
"서울시티투어 이용할사람인대요....
                 어디서 타는게 편할할까요....
                  청량리에서  갈아타면 대는대 어떡하면 대는지 자세하게 알려주세요","안녕하세요.서울시티투어입니다.

시티투어 첫 출발지는광화문역입니다

청량리 근처시면 1호선 타고 시청역에 내리셔서 3번 출구로 나오신후 300미터 정도 직진하시면 저희 광화문 매표소로 오실수 있습니다

***광화문 티켓박스 위치 : 서울 중구 태평로1가 68-2 (네이버지도에 서울시티투어버스 검색)**

* 광화문역 사거리, 동화면세점, 코리아나호텔 근처에 위치해 있습니다.
지하철 이용 시 : 5호선 광화문역 6번출구서 100m, 지하철 1,2호선 시청역 3번 출구서 300m

=>이용에 참고하시고 더 궁금하신점 있으시면 언제든지 연락 부탁드립니다

 02)777-6090. www.seoulcitybus.com"
"대학로 승하차 위치 알려주세요.
공연을 보고싶은데 정확한 동선을 체크하려고 합니다.","안녕하세요,

대학로 정류장 위치-
4호선 혜화역 2번 출구 100m 지점 마로니에 공원 앞 방통대 인근입니다.
*탑승하시는 날 매표소(02 777 6090)에 전화 부탁드립니다.

이용에 참고 하시기 바라며,
감사합니다"
"예약에 관련된 문의는 아래 내용을 채워주세요

예약번호 :
예약자명 :
연락처 :

문의내용 :","안녕하세요.

고객님 저희 버스는 서울역쪽 운행이 되지 않고 있습니다.

탑승은 저희 버스가 운행되는 노선의 정류장에서만 가능합니다.

- 서울시티투어버스 https://www.seoulcitybus.com -"
"예약에 관련된 문의는 아래 내용을 채워주세요

예약번호 :
예약자명 :김혜주
연락처 :01068441157

문의내용 :문화누리카드로 온라인 예약 가능한가요? 
현장 결제를 해야한다면 
카드 명의 본인이 직접 가야 사용 가능한건지 궁금합니다","안녕하세요.

문화누리카드 결제는 온라인으로 처리가 불가합니다.
현장에 오셔서 이용결제 부탁드립니다.

감사합니다.

- 서울시티투어버스 -"
도심고궁코스 투어버스내에서 테이크아웃 음료 마실 수 있나요?,"안녕하세요.

버스내 식음은 불가합니다.
이해 부탁드립니다.

감사합니다."
12월 탑승하고자하는데 2층은 오픈하고 운행하나요?,"안녕하세요.

겨울에 2층 오픈은 차량이 달리는 동안 아무래도 추울 수 있습니다.

모자, 겉옷, 담요, 핫팩 등을 준비하시면 좋습니다.

감사합니다."
"Inquiry :

For the city bus, can I go multiple circulations? For example, after 90 minutes, can I sit and go again? :)","Sure,
It runs every  40 minutes  and you can get on and off freely.
Thank you,

02 777 6090
Seoul city tour bus"
"Hi, what time does the ticket box in Gwanghwamun open?","Our ticket office opens at 9 a.m.

We are closed every Monday.

Please refer to it when using it.
Thank you.

- Seoulcitytourbus -"
"예약에 관련된 문의는 아래 내용을 채워주세요

예약번호 :
예약자명 :
연락처 :

문의내용 :","안녕하세요.

현재 판매가 할인된 금액으로 진행되고 있습니다.
추가 할인은 별도로 없습니다.

이용에 참고 부탁드립니다.

- 서울시티투어버스 -"
"지방에서 올라오는 동생가족들을 위해서 예약했는데 사정상 예약자 본인은 탑승을 하지 못합니다 
                 예약번호만 확인하면 탑승가능한지요?","안녕하세요.

예약자와 탑승자가 다르시더라도 탑승자분이 예약내용을 알고 계시면 확인 후 이용 가능하십니다.

이용하시는 날 예약하신 분의 성함과 전화번호로 예약확인 부탁드립니다.

감사합니다."
"I would like to check whether your bus pass Bukchon Hanok village and coex mall.
Thank you
Sukasem","Hello.

You can check the course on our website.

https://en.seoulcitybus.com/service/tour_course_view.php?code=1

Our bus doesn't pass through COEX Mall.

Please check the course through the link above."
"Hi if I start the tour like at 3pm on a Sat then can I use the tour bus until Sunday at 2:59 pm?

let me know

thanks","Hello.

The standard for our tour tickets is not the time.

For example, even if you bought it on the afternoon of November 11th, it is valid only during the time the bus is running on the 11th.

Also, the night view course is available once a day.

For further questions, please contact us at 02-777-6090.

Thank you."
"Good Day

My name is Jo Ann and I would like to know if I have the Discovery Seoul card am I able to purchase the free tickets online or do I have to buy the tickets at your ticket office.  

Thank you
Jo Ann
jameyer80@yahoo.com","Hello.

Thank you for your interest in our tour.
Seoul Discover Pass can only be used for ticket exchange on the same day at the ticket office.

Note: The night view course may not be available depending on the seating situation on the day.

Thank you."
"For reservation-related inquiries, please fill in the information below

Reservation number : D20230627015425348598
Name: Michael Vinh
Mobile :3025433736

Inquiry :
I have reserved and paid 2 tickets for SEOUL CITY TOUR BUS for Date 2023-11-21.

HOW DO I GET THE TICKETS ?

Thank you,

Michael Vinh
email: mvinh2k@yahoo.com","Hello.

You can pick up the ticket after checking your name at our ticket office on the day of use.


Ticket Office:
Exit 6 of Gwanghwamun Station on Subway Line 5.
The ticket office is located within a five-minute walk from the exit.

Thank You."
"단체 외국인관광객이고 디스커버서울패스 적용해서 주간의 도심고궁남산코스를 매표하려 합니다. 

1. 대표자 한명이 먼저 매표소로 도착해서 각자의 여권과 디스커버서울패스 카드를 제출해서 대신 발권이 가능할까요? 숙소가 동대문디자인플라자라서 그쪽 출발하기 위해서입니다. 

2. 디스커버서울패스로 조간의 도심고궁남산코스 예약이 가능한가요?

연락처 010-5827-7282

감사합니다.","안녕하세요.서울시티투어입니다

방금 통화내용대로 한분이 카드를 소지하고 광화문 매표소로 오셔서 승인후 동대문에서 탑승 가능합니다

내일 뵙겠습니다

02)777=6090. www.seoulcitybus.com"
"예약에 관련된 문의는 아래 내용을 채워주세요

예약번호 :
예약자명 :
연락처 :

문의내용 :


서울투어버스 장애인 할인도 있나요?","안녕하세요.

판매가에서 할인된 금액으로 진행중이므로, 중복으로 할인이 적용되는 사항은 없습니다.

이용에 참고 부탁드립니다."
"안녕하세요 애견동반 가능할까요? 가능하다면 조건이 있을까요? 

만약 이동가방 이용시 가능하다면 머리까지 완전히 넣은 상태에서 탑승해야하나요?  머리는 외부에 뺀 상태에서 탑승 가능할까요?","안녕하세요.

저희 버스투어는 반려동물 동반이 불가합니다.

이용에 참고부탁드립니다."
"예약에 관련된 문의는 아래 내용을 채워주세요

예약번호 :
예약자명 :
연락처 :01063316140

문의내용 :

온라인예매 매진시 현장발권 제한되나요??
아니면 제한없이 현장발권 가능한가요??","안녕하세요,

현장발권은 선착순이며 대기줄이 생길 수도 있고 상황에 따라 판매중단이 생길 수도 있습니다.
참고하시기 바랍니다.

02 777 6090
서울시티투어버스"
"안녕하세요~
야간투어 신청시 남산에서 포토타임으로 정차하였을때 하차하고
재탑승 하지 않아도 되나요?","안녕하세요,

네,
가능합니다.
남산에서 재탑승 하시지 않을 경우 기사님께 꼭 말씀해 주세요

02 777 6090
서울시티투어버스"
"안녕하세요, 

서울시티투어버스 야간 코스 11월 5일 탑승타려고 하는데, 

탑승 전날(4일) 현장에서 디스커버 서울패스로 예매 가능할까요?","안녕하세요.

서울디스커버서울패스의 사용은 당일사용권에 대해서만 가능합니다.

11월5일 탑승을 원하시는 경우, 11월 5일 오전에 방문하셔서 구매부탁드립니다.

만일, 잔여석이 없다면 야경투어는 불가할 수 있습니다.

- 서울시티투어버스 -"
"안녕하세요
하루 1번 출발하는 야경투어버스가 남산에서 30분 정도 정차하는걸로 알고 있는데,
남산에서 아예 하차하고 귀가해도 되나요?","안녕하세요.

그 부분은 고객님의 선택사항이십니다.
남산하차시 기사님께 투어마무리를 남산에서 하시겠다고 말씀주시면 됩니다.

그 외 궁금하신 사항은 02-777-6090으로 문의주세요.

- 서울시티투어버스 -"
"Hi,
I tried to reserve Panorama Course and can see that is not proceeding to next page. Please let me know if Panorama course is available on November 9th. Thanks.","Hello.

Since the pandemic, we are currently running only two courses.

Tour 1: Downtown Palace Namsan Course
Tour 4: Night View Course

The Panorama course is still being prepared, and a rerun date has not yet been set.

Thank you."
"예약에 관련된 문의는 아래 내용을 채워주세요

예약번호 :
예약자명 :
연락처 :

문의내용 :
혹시 장애인 할인은 없는지요???","안녕하세요.

현재 할인가로 진행중으로 추가할인이되는 사항은 없습니다.

- 서울시티투어버스 -"
"예약에 관련된 문의는 아래 내용을 채워주세요

예약번호 : D20231023192917857152
예약자명 : 임주연
연락처 :01026901762

문의내용 :
안녕하세요 혹시 미리 예약을 해두면 층수는 지정이 가능한건가요 ? 아니면 좌석 층수 전부 미지정인가요 ? ?","안녕하세요.서울시티투어입니다

야경코스(TOUR 04)는 예약 순서에 따라 오픈2층버스 배정 후 오픈1층버스로 배정됩니다. 
예약시 버스종류를 알 수 없으며 탑승일 당일 모든 예약 상황을 취합하여 배정됩니다.

버스가 1층 또는 2층으로 지정되면 좌석은 당일 오셔서 줄서는 있는 순서대로 탑승하시게 됩니다
더 궁금하신점 있으시면 연락주세요

02)777-6090. www.seoulcitybus.com"
주차할 곳이 있을까요? 10대정도 있습니다,"안녕하세요.서울시티투어입니다
주차장은 매표소 근처 유료 주차장을 이용하셔야 합니다.

시내 중심이기 때문에 다소 주차료가 비쌉니다
가능한 대중 교통을 이용하시는게 좋겠습니다

02)777-6090. www.seoulcitybus.com"
"예약에 관련된 문의는 아래 내용을 채워주세요

예약번호 :
예약자명 :
연락처 :

문의내용 :
반려견과 함께 탑승 가능한가요? 
조건부(캐리어)로 가능한지도 알려주세뇨","안녕하세요.

저희 버스이용은 반려동물 동반이 불가합니다.

그 외 궁금하신 사항은 전화로 문의주세요.

02-777-6090 서울시티투어버스."
"예약에 관련된 문의는 아래 내용을 채워주세요

예약번호 :
예약자명 :
연락처 :

문의내용 :반듯이 광화문 티켓박스에서 실물 티켓 교환 후 탑승해야 합니까?  예약하고 동대문에서  타면  안되나요?  일행이 동대문의  호텔에  숙박하고  있습니다.","안녕하세요.

이용고객이 많은날에는 광화문 탑승지에서 시작하시기를 권해드립니다.

저희 버스의 경우는 순환형버스이므로 고객이용일이 많은 연휴나 휴가시즌에는
중간 탑승시 입석으로 먼저 진행되실 수도 있습니다.

그 외 중간 정류장에서 탑승하시는 경우는 기사님께 예약자분 성함을 확인하시고 탑승가능하십니다.

좀 더 궁금하신 사항은 02-777-6090으로 문의 부탁드드립니다.

감사합니다."
"안녕하세요:)
파노라마코스에서 트롤리버스를 탈 수 있다고 들었는데, 준비중이라고 떠서요~ 운행 예정일이 언제인가요?

아이가 타고 싶어 하는데, 다른 코스에서도 트롤리버스를 탈 수 있나요?","안녕하세요.서울시티투어입니다.
현재 주간-도심고궁코스와 야경코스만 운행중에 있습니다

아직 파노라마 코스와 강남코스는 아직 정확한 운행 예정일이 없습니다
확정되는데로 저희 홈페이지에 게시하겠습니다

시티버스에 관심 가져주셔서 감사합니다

02)777-6090.www.seoulcitybus.com"
휠체어를 가지고 버스 탐승이 가능한가요?,"안녕하세요.

이동이가능하신 경우 폴딩형 휠체어는 1층에 묶어두고
2층으로 이동해서 이용이 가능하십니다.

하지만, 휠체어로 탑승자체는 1층만 가능하시며 2층은 불가합니다.

참고부탁드립니다.
감사합니다."
空港に着いてそのままツアーバスに乗車したいのですが、キャリーバッグを持ったまま乗車は可能でしょうか。,"はい。
可能です.

スーツケースを持って乗るのが不便でしたら、チケット売り場に保管してください。
ありがとうございます。

02 777 6090
Seoul City Tour Bus"
"예약에 관련된 문의는 아래 내용을 채워주세요

예약번호 :D20231012151158511940
예약자명 :김명기
연락처 :010-4011-3498

문의내용 :혹시 근처에 주차 할곳이 있을가요??
                유료도 상관없습니다.","안녕하세요.

근처 무료 주차장은 없고, 가장 가까운 주차장은 코리아나 호텔 주차장 이용 가능하십니다.

아무래도 버스 탑승장이다보니 주차가 용이하지 않으신 부분 양해 부탁드립니다.

감사합니다."
"예약번호 :
예약자명 :
연락처 :

문의내용 :경로할인은 없나요?","안녕하세요.

저희는 지금 일반 판매가에서 할인된 금액으로 판매되고 있습니다.
중복 할인 적용은 따로 없으니 이용에 참고 부탁드립니다.

감사합니다."
"@@@야경코스(TOUR 04)는 예약 순서에 따라 오픈2층버스 배정 후 오픈1층버스로 배정됩니다. 예약시 버스종류를 알 수 없으며 탑승일 당일 모든 예약 상황을 취합하여 배정됩니다.


안녕하세요
야경코스 예약하려합니다.

블로그 후기보면 선착순으로 줄서면 2층에 탈수있다고 하던데
예약하기 문구에는 저렇게 써있어서요
어떤게 맞는건가요?

예약한 순서대로 2층버스 배정되는거면 예약순서는 어떻게 알수있나요?","안녕하세요.

저희 야경코스는 예약시 좌석 점유는 확보가 되나, 버스 종류와 좌석번호는 따로 지정되지 않습니다.

버스 종류의 경우는 예약이 들어온 순서대로 이용당일 리스트업해서 고객님들께 문자안내를 드리고 있습니다.

버스 좌석은 이용일 선착순으로 탑승하셔서 원하시는 자리에 앉아 이용하시는 것입니다.

이용에 도움이 되셨기를 바랍니다.
감사합니다.


- 서울시티투어버스"
아직 예약하진 않았는데 혹시 투어 버스에 반려견 동반해도 괜찮을까요?,"안녕하세요.

죄송합니다. 반려동물 동반은 불가합니다.
이용에 참고 부탁드립니다.

서울시티투어버스"
온라인에서 미리 예약 시 10% 할인 된다는 글을 봤는데 따로 할인 적용이 안되어 문의드립니다.,"안녕하세요.서울시티투어입니다

현재 주간 성인 요금은 24,000원=>22,000원으로 할인 판매하고 있습니다.온오프 라인 요금은 동일합니다
이외 별도의 할인은 적용되지 않습니다

이용에 참고하시기 바랍니다

02)777-6090. www.seoulcitybus.com"
"예약에 관련된 문의는 아래 내용을 채워주세요

예약번호 :
예약자명 :
연락처 :

문의내용 :","안녕하세요.서울시티투어입니다

현재 주간코스는 정상가 24,000원=>22,000원에 할인 판매하고 있습니다

따라서 추가 할인은 현재 없는 상태입니다

이용에 참고하시기 바랍니다

02)777-6090 서울시티투어.www.seoulcitybus.com"
"チケットは必ず光化門のチケット販売所で引き換える必要がありますか？
例えばソウル駅やバスで直接チケット引換することは可能ですか？","こんにちは,

チケットは光化門のチケット売り場で交換しなければなりません。
ありがとうございます。

02 777 6090
Seoul City Tour Bus"
バスに中型のスーツケースを一つ持ち込むことはできますか？,"こんにちは.
スーツケースをバスに持って乗るか、切符売り場に保管することができます。
ありがとうございます.

02 777 6090
Seoul City Tour Bus"
"예약에 관련된 문의는 아래 내용을 채워주세요

예약번호 :
예약자명 :
연락처 :

문의내용 :
유모차를 가지고 탑승가능한가요?","안녕하세요,

유모차는 접어서 휴대하시면 됩니다.
감사합니다.

02 777 6090
서울시티투어버스"
6번 N서울타워 정류장 위치가 정확히 어떻게 되는건지요? 남산케이블카 승하차장소와 어느 정도 거리인지 문의드립니다.,"안녕하세요,

N서울타워 정류장은 국립극장을 지나 남산타워 근처이며 타워전망대까지 도보 5분거리입니다.
케이블카 승강장 반대이며 케이블카 탑승없이 남산타워 주위 관광이 가능합니다.
이용에 참고하시기 바라며, 더 궁금하신점 연락주시기 바랍니다.
감사합니다.

02 777 6090
서울시티투어버스"
"For reservation-related inquiries, please fill in the information below

Reservation number :
Name :
Mobile :

Inquiry :","Hello.

Our ticket is available for a day
You can use this table. (During the time the bus is running)

Restart is possible, of course.

Thank you."
장애인할인  없나요?,"안녕하세요,

현재 성인요금 정상가 24,000원=> 할인가 22,00원이며,
별도의 추가할인은 없습니다.
참고하시기 바랍니다.
감사합니다.
 
02 777 6090
서울시티투어버스"
예약하고 싶습니다. 안내 원합니다.,"안녕하세요.서울시티투어입니다.

시티팩은 최소 모객인원이 20명 이상이 되야만 진행되는 상품입니다.

현재는 단체에게만 적용되는 상품으로 판매하고 있습니다

만약 인원이 20명 이상일 경우는 별도 문의 부탁드립니다

02)777-6090 
서울시티투어 버스. www.seoulcitybus.com"
"예약에 관련된 문의는 아래 내용을 채워주세요

예약번호 :
예약자명 :
연락처 :

문의내용 :
탑승시 폰에 구매내역으로 탑승할수있나요","안녕하세요.서울시티투어입니다
예약 완료후 실물 티켓을 반드시 수령하신후 탑승 하셔야 합니다
저희 매표소 위치는 광화문역 6번 출구 코리아나 호텔 대로변에 위치해 있습니다

더 궁금하신점 언제든지 연락주세요

02)777-6090.www.seoulcitybus.com"
28일 시티투어 버스 예약했는데요. 그 전날이나 전전날 티켓수령 미리도 가능한가요?,"안녕하세요.

버스티켓은 이용하시는날 매표소에서 당일 수령만 가능하십니다.

감사합니다."
"안녕하세요 지방에서 추석연휴에 서울로 여행가는 부모님, 당사자, 초등딸 이렇게 4명이서 여행을 가려고 합니다. 
                10/1 여의도의 숙소에서 출발예정입니다. 명동에서 난타 공연 (14:00 / 17:00 )을 둘 중 선택하여 관람예정인데  난타 공연 전 후로 서울시티투어 버스를
                  예약하여 타고 싶은데 일정을 어떻게 잡을지 잘 몰라서요..숙소는 여의도 페어몬트 앰버서더 입니다. 시티투어 버스는 야경도 괜찮습니다. 추천 부탁드립니다.","안녕하세요.
 
저희 투어에 관심을 가져주셔서 감사합니다.
저희 코스 중 Tour1번은 티켓 한장으로 타고 내리고 반복하실 수 있는 상품입니다.
오전에 저희쪽 티켓을 구매하셔서 한 바퀴 돌아보시고 명동의 늦은시간 공연을 이용하시면 좋을듯합니다.

저희 고객님들께서 많이 방문하는 장소로는 남산한옥마을, N서울타워(남산타워), 대학로, 인사동 등이 있습니다. 
저희 주간 첫 차(09:30 출발)를 이용하셔서 3~4군데 방문하시고 광화문으로 돌아오셔서 16:10분 차를 타시고 명동으로 가셔서 17:00 공연을 보시면 좋을 것 같습니다. 
N서울타워의 경우 저희와 제휴된 레스토랑(육첩반상, 제주면장, 스테프핫도그)들이 있어 방문하셔서 저희 티켓 보여주시면 10% 할인을 받을 수 있습니다. 이용하실 때 참고하시면 좋을 것 같습니다. 

야경투어는 사전예약이 필요한 상품입니다.
현재 10월1일은 마감이니 홈페이지에서 예약가능한 날짜를 확인 해주시기 바랍니다.

그 외 궁금하신 사항은 02-777-6090으로 문의주세요.

감사합니다."
"Dear Sir and Lady,
If we want to book your night Tour with a Discover Seoul Pass, how does this Work?
Regards Sabine","Hello.

For Discover Seoul Pass
You can use one of our courses. (One time allowed)
However, reservations are not available in advance, and you have to come to the Gwanghwamun ticket office and exchange our bus tickets with the Discover Seoul Pass on the day you want to use it.

Add: In the case of night view, there may be no seats available on the day you want to use.

Please call to ask if there are any remaining seats on the night view tour.
T. 02-777-6090

Thank you."
"このコースはどのバス停から乗り始めることも可能ですか？
それとも、地下鉄５号線クァンファムン（光化門・Gwanghwamun・533）駅６番出口だけですか？
どのバス停から乗り始めてよい場合
どこでチケットを購入できますか？バス運転手から購入することは可能ですか？","こんにちは.

地下鉄5号線光化門駅の6番出口を出るとチケット売り場があります。 バスコースのスタート地点でもあります。

中間コースでの搭乗をご希望の場合は、運転手さんにチケットを購入してご利用いただけます。 (Tour1コースのみ)
しかし、停留所の位置を見つけることも難しく、連休や休暇期間中は混雑していて途中搭乗が難しい場合があります。

なるべく光化門駅近くの切符売り場で始めた方がいいです。

Tour1都心の故宮コースは事前予約なしでチケット売り場で直接購入してご利用いただけます。Tour4夜景コースは必ず事前にオンライン予約を行ってください。

ありがとうございます。"
"예약에 관련된 문의는 아래 내용을 채워주세요

예약번호 :
예약자명 :
연락처 :

문의내용 :

뒤늦게 유튜브를 통해 바퀴달린 브레드이발소를 알게 되었는데요. 종료되었나요? 검색을 해봐도 다녀온 후기만 있지 운영여부에 대한 정보를 찾을 수 없어서요. 지방에 사는데 서울ㅇ방문 예정이라 정보가 꼭ㅇ필요합니다. 

9월 주말에 서울에 가면 바퀴달린 브레드이발소를 이용할 수 있는지 알려주세요~","안녕하세요.

현재 브레드이발소 운행은 임시중단 상태입니다.

추후 진행여부는 아직 내부 논의중으로 아직 미정입니다.

- 서울시티투어버스 -"
"예약에 관련된 문의는 아래 내용을 채워주세요

예약번호 :
예약자명 :
연락처 : 01044023478

문의내용 :
9월 5일 special seoul city pack 
4인가족 이용하고자 합니다.
예매 가능한가요? 금액이 얼마인가요?","안녕하세요.
서울시티투어입니다.

시티팩은 최소 모객인원이 20명 이상이 되야만 진행되는 상품입니다. (단독투어)

현재 같은 날짜에 이 인원의 모객이 어렵기 때문에 현재는 단체에게만 적용되는 상품으로 판매하고 있습니다.


02)777-6090 
서울시티투어 버스. www.seoulcitybus.com"
"예약에 관련된 문의는 아래 내용을 채워주세요

예약번호 : 예약준비
예약자명 :정하영
연락처 :01072149201

문의내용 :
차를 가지고 가려고 하는데 주차할때 있을까요?","안녕하세요.

저희가 따로 주차장이 구비되어있는 공간은 아닙니다.
근처에 가까운 곳으로는 코리아나 호텔 유료주차장 이용이 가능하십니다.

감사합니다."
안녕하세요. Seoul Discovery Pass 이용하는 사람입니다. 혹시 야경코스 탑승권을 당일 말고 하루 전에 수령해도 되나요?,"안녕하세요.서울시티투어입니다

티켓 수령은 이용하는 당일만 교환 가능합니다.
주간.야간 상관없이 오전 9시 이후부터 수령할수가 있습니다
Seoul Discover Pass 소지자는 이용 당일 오셔서 여유 좌석이 있을 경우 교환 승인후 탑승권 발권이 가능합니다.
교환권 승인도 오전 9시 이후부터 가능합니다.

더 궁금하신점 연락주세요

서울시티투어버스 02)777-6090 ..www.seoulcitybus.com"
"예약에 관련된 문의는 아래 내용을 채워주세요

예약번호 :D20230828125439886996
예약자명 :박정현
연락처 :01036629099

문의내용 :티켓 구매했는데 선물 가능합닏까?
그리고 티켓 미리 발권 할수 있습니까?","안녕하세요.

이용하고자 하시는 분이 예약진행하신 정보를 정확하게 아신다면 이용가능하십니다.

예약하신분의 성함/연락처
티켓은 이용하시는 날 광화문 매표소에서 지류티켓으로 교환 후 사용가능하십니다.

더 자세한 사항은  02-777-6090으로 문의 부탁드립니다.

월요일은 휴무입니다."
"궁금한게, 전좌석 미지정이라고 되어 있으신데 전회로 문의하면 1층 뿐이 안남았다고 안내 받았는데.. 무슨 말씀이신가요? 미리 예약하면 2층 좌석 배정 받는건가요?","안녕하세요. 

야경같은 경우 좌석 점유만 확정, 좌석번호는 배정되지 않습니다.
대부분 사전 온라인 예약으로 저희 운행하는 2층 버스좌석수가 마감되고 나면 1층으로 가능하십니다.

다시 정리해서 말씀 드리자면, 야경투어는 사전예약이 기본이며 당일 예약은 진행이 되지 않습니다.

더 궁금하신 사항은  02-777-6090으로 전화문의 주세요.

(월요일은 정기 휴무일입니다.)"
"홈페이지의  'FAQ'를 찾아보니 당일 구매는 현장에서 선착순으로 구매할 수 있다고 되어있던데, 그럼 현장은 네이버에 나와있는 시간(오전 9시 30분)부터 티켓을 구매할 수 있는건가요?
당연한 말 같지만, 지방 사람인데다가 꼭 경험해보고 싶어서 연락드립니다.","안녕하세요.서울시티투어입니다.
저희 자체 홈페이지및 외부업체 사이트도 당일 구매는 예약이 안됩니다

당일은 저희 광화문 매표소로 오셔서 구매하셔야 하며 가격은 인터넷가와 동일합니다

주간의 경우 당일 구매도 무리가 없습니다

더 궁금하신점 연락주세요 ^^

서울시티투어버스 02)777-6090 /www.seoulcitybus.com"
"9월에 일본에서 가족 9명으로 서울 여행을 예정하고 있는 재일교포 입니다. 
호텔은 명동 밀이오래 호텔을 예약하고 있고 나이드신 분들이 있기 떄문에 명동에서 탈 수 있으면 합니다.
명동에서 탈 때 예약은 못하세요?
그럴 경우에는 그냥 명동에서 타도 차리는 있을까요?

회신 부탁 드립니다. 감사합니다.","안녕하세요.

최초출발지에서 출발하시길 권장드립니다.
사람이 많이 붐비는 경우 중간탑승에 어려움이 있을 수 있습니다.

중간 정류장 탑승을 원하시는 경우, 운전기사님께 예약확인을  받으시고 
탑승은 가능하시나, 순환버스의 특성상 중간에 타셔서 종착정류장인 광화문 도착 후
30분 대기 후 다시 출발하시는 부분을 감안해주셔야 합니다.

감사합니다."
"예약에 관련된 문의는 아래 내용을 채워주세요

예약번호 :
예약자명 :
연락처 :010-4508-7292 

문의내용 :안녕하세요
예약하려고하는데 간식을 버스에서 먹어도 될까요?

9월16일에 야경투어버스를 예약하려는데  2층 오픈카인가요?","안녕하세요.

버스내 음식 반입 및 섭취는 불가합니다.

야경의 경우 메인버스는 2층 버스이지만, 그 외 하이데커(1.5층 높이)의 버스도 추가적으로 같이 운행됩니다.
버스배정은 예약이 들어온 순서대로 진행되며, 이용당일 오전 문자로 안내받으실 수 있습니다.

감사합니다."
"I have seen on your web site that holders of Discover Seoul Pass can take your buses for free, is this correct?","Hello.

For Discover Seoul Pass
You can use one of our courses. (One time allowed)
However, reservations are not available in advance, and you have to come to the Gwanghwamun ticket office and exchange our bus tickets with the Discover Seoul Pass on the day you want to use it.

Add: In the case of night view, there may be no seats available on the day you want to use.

Thank you."
"①当日はチケットは何時から買えますか？
②前日にチケットを買うことはできますか？
③チケット売場でチケットを買わずに、直接バスに乗って、バスの運転手からチケットを買うことはできますか？","こんにちは.
お問い合わせいただいた内容にお答えします。

1:当日のチケット売り場は午前9時にオープンします。
オープンと同時にチケットの購入は可能です。

2:オンライン予約を除き、現地購入では当日使用のチケットのみご購入いただけます。

3:運転手さんからチケットを購入できます。 しかし、最近は休みや休暇シーズンで混雑しているため、ご購入に不便をおかけしますので、なるべく最初の出発地である光化門チケット売り場でお買い求めください。

なお、夜景は事前予約が必要で、当日券はチケット売り場でのみご確認いただけます。 運転手さんに購入できません。

ありがとうございます。"
"예약에 관련된 문의는 아래 내용을 채워주세요

예약번호 : D20230809160251014605
예약자명 : 김요준
연락처 : 010.2788.7671

문의내용 :

홈페이지 예약 후 버스 탑승을 하려고 하는데,
최초 탑승시 반드시 광화문 티켓박스에서 티켓 교환이 이루어져야 하는지 궁금합니다.
다른 정류장 또는 버스 내에서 티켓 확인 후 최초 탑승이 가능한지 알려주시면 감사하겠습니다.","안녕하세요.

최초출발지에서 출발하시길 권장드립니다.
사람이 많이 붐비는 경우 중간 탑승에 어려움이 있을 수 있습니다.

중간 정류장 탑승을 원하시는 경우, 운전기사님께 예약확인을  받으시고 
탑승은 가능하시나, 순환버스의 특성상 중간에 타셔서 종착정류장인 광화문 도착 후
30분 대기 후 다시 출발하시는 부분을 감안해주셔야 합니다.

감사합니다."
야경코스에서 남산N타워 포토타임 중에 하차할 수 있는지 문의드립니다. 감사합니다.,"안녕하세요.

야경코스 이용시 남산타워 포토타임 30분 자유시간 드립니다.
자유시간내 하차하셔서 사진 찍고 정해진 시간까지 다시 탑승해주시면 됩니다.

감사합니다."
장애인 할인과 동반할인이 가능한지 문의드립니다,"안녕하세요.서울시티투어입니다.
현재 정상가 24,000원=>22,000원에 판매하고 있기 때문에 추가 할인은 적용되지 않습니다.

이용에 참고하시기 바랍니다

서울시티투어버스
02)77-6090"
지금 탈 수 있는 도심고궁남산코스를 광화문이 아니라 다른데서 타려고 하는데요 현금 말고도 티머니 카드나 후불신용카드 다 사용 가능한가요?,"안녕하세요.

고객님 버스탑승시 결제는 기사님께 신용카드나 현금으로 가능합니다. (티머니카드 제외)

여름방학 기간으로 많은 탑승객들이 승/하차 하시면서 혼잡할 수 있으니
가급적이면 코스의 첫 시작인 광화문에서 탑승하시길 권해드립니다.

감사합니다."
"예약에 관련된 문의는 아래 내용을 채워주세요

예약번호 :
예약자명 :
연락처 :

문의내용 :","안녕하세요.

강남은 코로나 이후 현재 운휴입니다.

매표소는 광화문점만 운영중이니 참고 부탁드립니다.

감사합니다."
Hi where is Gwanghwamun ticket office ? Is it same as Seoul Tour Bus Station? Please provide full address. How can I find it on google map? Thank you.,"Hello.

To get to the Gwanghwamun ticket office, you can go to Exit 6 of Gwanghwamun Station in the subway station.

Go straight for about 5 minutes in the direction of exit 6.

There's no ticket office address on the road,

It's convenient to use the address of the hotel near the ticket office.

* * Koreana Hotel (135, Sejong-daero, Jung-gu, Seoul)

Thank you."
"For reservation-related inquiries, please fill in the information below

Reservation number :
Name :
Mobile :

Inquiry :
I plan to buy the discovery seoul pass and want to use the night tour for seoul city tour bus. How and where do I make a reservation for a certain night? Pls advise. THanks","Hello.

Tickets can only be purchased at the ticket office on the same day using the Seoul Discovery Seoul Pass.

Reservations are not available in advance, so if you want a night view, please come to the ticket office (Gwanghwamun) on the day of use and proceed with the purchase.

Please understand that the night view tour may be closed due to a limited number of seats.

Thank you."
남산타워 정류장에서 내리면 걸어서 올라가거나 케이블카를 타고 올라가야 남산타워인가요?,"안녕하세요. 고객님.

저희 버스를 이용하여 남산타워에 가시는 경우 케이블카 이동이 필요하지 않습니다.
 
남산타워버스정류장 하차 후 걸어서 5분~10분이면 도착하실 수 있습니다."
Are we allowed to bring luggage with us on the tour bus?,"Hello.

It may vary depending on the size of your luggage.
There is no room for a second floor seat, so if you take your luggage with you, you should leave it on the first floor.

Please understand this because it may not be possible if the baggage size is large.

Thank you."
